ID,Name,Form,IsCaught,IsShiny
1,이상해씨,Normal,TRUE,FALSE
2,이상해풀,Normal,TRUE,FALSE
3,이상해꽃,Normal,FALSE,FALSE
4,파이리,Normal,TRUE,TRUE
5,리자드,Normal,FALSE,FALSE
6,리자몽,Normal,FALSE,FALSE
7,꼬부기,Normal,FALSE,FALSE
8,어니부기,Normal,FALSE,FALSE
9,거북왕,Normal,FALSE,FALSE
10,캐터피,Normal,FALSE,FALSE
11,단데기,Normal,FALSE,FALSE
12,버터플,Normal,FALSE,FALSE
13,뿔충이,Normal,FALSE,FALSE
14,딱충이,Normal,FALSE,FALSE
15,독침붕,Normal,FALSE,FALSE
16,구구,Normal,FALSE,FALSE
17,피죤,Normal,FALSE,FALSE
18,피죤투,Normal,FALSE,FALSE
19,꼬렛,Normal,FALSE,FALSE
20,레트라,Normal,FALSE,FALSE
21,깨비참,Normal,FALSE,FALSE
22,깨비드릴조,Normal,FALSE,FALSE
23,아보,Normal,FALSE,FALSE
24,아보크,Normal,FALSE,FALSE
25,피카츄,Normal,FALSE,FALSE
26,라이츄,Normal,FALSE,FALSE
27,모래두지,Normal,FALSE,FALSE
28,고지,Normal,FALSE,FALSE
29,니드런(암컷),Normal,FALSE,FALSE
30,니드리나,Normal,FALSE,FALSE
31,니드퀸,Normal,FALSE,FALSE
32,니드런(수컷),Normal,FALSE,FALSE
33,니드리노,Normal,FALSE,FALSE
34,니드킹,Normal,FALSE,FALSE
35,삐삐,Normal,FALSE,FALSE
36,픽시,Normal,FALSE,FALSE
37,식스테일,Normal,FALSE,FALSE
38,나인테일,Normal,FALSE,FALSE
39,푸린,Normal,FALSE,FALSE
40,푸크린,Normal,FALSE,FALSE
41,주뱃,Normal,FALSE,FALSE
42,골뱃,Normal,FALSE,FALSE
43,뚜벅쵸,Normal,FALSE,FALSE
44,냄새꼬,Normal,FALSE,FALSE
45,라플레시아,Normal,FALSE,FALSE
46,파라스,Normal,FALSE,FALSE
47,파라섹트,Normal,FALSE,FALSE
48,콘팡,Normal,FALSE,FALSE
49,도나리,Normal,FALSE,FALSE
50,디그다,Normal,FALSE,FALSE
51,닥트리오,Normal,FALSE,FALSE
52,나옹,Normal,FALSE,FALSE
53,페르시온,Normal,FALSE,FALSE
54,고라파덕,Normal,FALSE,FALSE
55,골덕,Normal,FALSE,FALSE
56,망키,Normal,FALSE,FALSE
57,성원숭,Normal,FALSE,FALSE
58,가디,Normal,FALSE,FALSE
59,윈디,Normal,FALSE,FALSE
60,발챙이,Normal,FALSE,FALSE
61,슈륙챙이,Normal,FALSE,FALSE
62,강챙이,Normal,FALSE,FALSE
63,캐이시,Normal,FALSE,FALSE
64,윤겔라,Normal,FALSE,FALSE
65,후딘,Normal,FALSE,FALSE
66,알통몬,Normal,FALSE,FALSE
67,근육몬,Normal,FALSE,FALSE
68,괴력몬,Normal,FALSE,FALSE
69,모다피,Normal,FALSE,FALSE
70,우츠동,Normal,FALSE,FALSE
71,우츠보트,Normal,FALSE,FALSE
72,왕눈해,Normal,FALSE,FALSE
73,독파리,Normal,FALSE,FALSE
74,꼬마돌,Normal,FALSE,FALSE
75,데구리,Normal,FALSE,FALSE
76,딱구리,Normal,FALSE,FALSE
77,포니타,Normal,FALSE,FALSE
78,날쌩마,Normal,FALSE,FALSE
79,야돈,Normal,FALSE,FALSE
80,야도란,Normal,FALSE,FALSE
81,코일,Normal,FALSE,FALSE
82,레어코일,Normal,FALSE,FALSE
83,파오리,Normal,FALSE,FALSE
84,두두,Normal,FALSE,FALSE
85,닥트리오,Normal,FALSE,FALSE
86,쥬쥬,Normal,FALSE,FALSE
87,쥬레곤,Normal,FALSE,FALSE
88,질퍽이,Normal,FALSE,FALSE
89,질뻐기,Normal,FALSE,FALSE
90,셀러,Normal,FALSE,FALSE
91,파르셀,Normal,FALSE,FALSE
92,고오스,Normal,FALSE,FALSE
93,고우스트,Normal,FALSE,FALSE
94,팬텀,Normal,FALSE,FALSE
95,롱스톤,Normal,FALSE,FALSE
96,슬리프,Normal,FALSE,FALSE
97,슬리퍼,Normal,FALSE,FALSE
98,크랩,Normal,FALSE,FALSE
99,킹크랩,Normal,FALSE,FALSE
100,찌리리공,Normal,FALSE,FALSE
101,붐볼,Normal,FALSE,FALSE
102,아라리,Normal,FALSE,FALSE
103,나시,Normal,FALSE,FALSE
104,탕구리,Normal,FALSE,FALSE
105,텅구리,Normal,FALSE,FALSE
106,시라소몬,Normal,FALSE,FALSE
107,홍수몬,Normal,FALSE,FALSE
108,내루미,Normal,FALSE,FALSE
109,또가스,Normal,FALSE,FALSE
110,또도가스,Normal,FALSE,FALSE
111,뿔카노,Normal,FALSE,FALSE
112,꼬뿌리,Normal,FALSE,FALSE
113,럭키,Normal,FALSE,FALSE
114,덩쿠리,Normal,FALSE,FALSE
115,캥카,Normal,FALSE,FALSE
116,쏘드라,Normal,FALSE,FALSE
117,시드라,Normal,FALSE,FALSE
118,콘치,Normal,FALSE,FALSE
119,왕콘치,Normal,FALSE,FALSE
120,별가사리,Normal,FALSE,FALSE
121,아쿠스타,Normal,FALSE,FALSE
122,마임맨,Normal,FALSE,FALSE
123,스라크,Normal,FALSE,FALSE
124,루즈라,Normal,FALSE,FALSE
125,에레브,Normal,FALSE,FALSE
126,마그마,Normal,FALSE,FALSE
127,쁘사이저,Normal,FALSE,FALSE
128,켄타로스,Normal,FALSE,FALSE
129,잉어킹,Normal,FALSE,FALSE
130,갸라도스,Normal,FALSE,FALSE
131,라프라스,Normal,FALSE,FALSE
132,메타몽,Normal,FALSE,FALSE
133,이브이,Normal,FALSE,FALSE
134,샤미드,Normal,FALSE,FALSE
135,쥬피썬더,Normal,FALSE,FALSE
136,부스터,Normal,FALSE,FALSE
137,폴리곤,Normal,FALSE,FALSE
138,암나이트,Normal,FALSE,FALSE
139,암스타,Normal,FALSE,FALSE
140,투구,Normal,FALSE,FALSE
141,투구푸스,Normal,FALSE,FALSE
142,프테라,Normal,FALSE,FALSE
143,잠만보,Normal,FALSE,FALSE
144,프리저,Normal,FALSE,FALSE
145,썬더,Normal,FALSE,FALSE
146,파이어,Normal,FALSE,FALSE
147,미뇽,Normal,FALSE,FALSE
148,신뇽,Normal,FALSE,FALSE
149,망나뇽,Normal,FALSE,FALSE
150,뮤츠,Normal,FALSE,FALSE
151,뮤,Normal,FALSE,FALSE